<?xml version="1.0"?>
<!--
  Copyright 2014-2018 ForgeRock AS. All Rights Reserved
 
  Use of this code requires a commercial software license with ForgeRock AS.
  or with one of its affiliates. All use shall be exclusively subject
  to such license between the licensee and ForgeRock AS.
-->
<assembly xmlns="http://maven.apache.org/plugins/maven-assembly-plugin/assembly/1.1.2"
  xmlns:xsi="http://www.w3.org/2001/XMLSchema-instance"
  xsi:schemaLocation="http://maven.apache.org/plugins/maven-assembly-plugin/assembly/1.1.2
                      http://maven.apache.org/xsd/assembly-1.1.2.xsd">
  <id>opendj-server-example-plugin</id>
  <formats>
    <format>zip</format>
  </formats>
  <fileSets>
    <fileSet>
      <directory>${project.basedir}</directory>
      <outputDirectory></outputDirectory>
      <directoryMode>755</directoryMode>
      <fileMode>644</fileMode>
      <includes>
        <include>README.example.plugin</include>
        <include>LICENSE</include>
        <include>NOTICE</include>
      </includes>
    </fileSet>
    <fileSet>
      <directory>${project.parent.parent.basedir}/${legal.folder}</directory>
      <outputDirectory>legal-notices</outputDirectory>
      <directoryMode>0755</directoryMode>
      <fileMode>0644</fileMode>
    </fileSet>
    <fileSet>
      <directory>${licenses.output.dir}</directory>
      <outputDirectory>legal-notices</outputDirectory>
      <directoryMode>0755</directoryMode>
      <fileMode>0644</fileMode>
    </fileSet>
    <fileSet>
      <directory>${project.parent.parent.basedir}</directory>
      <outputDirectory></outputDirectory>
      <directoryMode>755</directoryMode>
      <fileMode>644</fileMode>
      <includes>
        <include>*.png</include>
      </includes>
    </fileSet>
    <fileSet>
      <directory>src/main/assembly/config</directory>
      <outputDirectory>config</outputDirectory>
      <directoryMode>0755</directoryMode>
      <fileMode>0755</fileMode>
      <lineEnding>unix</lineEnding>
    </fileSet>
    <fileSet>
      <directory>src/main/assembly/db</directory>
      <outputDirectory>db</outputDirectory>
      <directoryMode>0755</directoryMode>
      <fileMode>0755</fileMode>
      <lineEnding>unix</lineEnding>
    </fileSet>
    <fileSet>
      <directory>${project.build.directory}</directory>
      <outputDirectory>lib/extensions</outputDirectory>
      <includes>
        <include>*.jar</include>
      </includes>
      <excludes>
        <exclude>*-sources.jar</exclude>
      </excludes>
    </fileSet>
  </fileSets>
  <dependencySets>
    <dependencySet>
      <outputDirectory>lib/extensions</outputDirectory>
      <includes>
        <include>org.apache.commons:commons-lang3</include>
      </includes>
      <useStrictFiltering>true</useStrictFiltering>
      <useProjectArtifact>true</useProjectArtifact>
      <useTransitiveDependencies>true</useTransitiveDependencies>
    </dependencySet>
  </dependencySets>
</assembly>
